"Election Date","Election Type","Ward/Precinct","Number Registered","Number of Ballots Cast","Percentage"
"Nov 08, 2016","State/Presidential","1-2","2,109","1,561","74"
"Nov 08, 2016","State/Presidential","1-3","2,249","1,685","75"
"Nov 08, 2016","State/Presidential","2-1","2,136","1,521","71"
"Nov 08, 2016","State/Presidential","2-2","1,056","511","48"
"Nov 08, 2016","State/Presidential","2-3","1,548","913","59"
"Nov 08, 2016","State/Presidential","3-1","2,191","1,666","76"
"Nov 08, 2016","State/Presidential","3-2","1,327","1,038","78"
"Nov 08, 2016","State/Presidential","3-2A","1,033","768","74"
"Nov 08, 2016","State/Presidential","3-3","2,277","1,539","68"
"Nov 08, 2016","State/Presidential","4-1","2,507","1,871","75"
"Nov 08, 2016","State/Presidential","4-2","2,657","1,971","74"
"Nov 08, 2016","State/Presidential","4-3","1,076","735","68"
"Nov 08, 2016","State/Presidential","5-1","2,300","1,704","74"
"Nov 08, 2016","State/Presidential","5-2","2,413","1,896","79"
"Nov 08, 2016","State/Presidential","5-3","1,829","1,416","77"
"Nov 08, 2016","State/Presidential","6-1","2,421","1,854","77"
"Nov 08, 2016","State/Presidential","6-2","2,467","1,834","74"
"Nov 08, 2016","State/Presidential","6-3","2,484","1,928","78"
"Nov 08, 2016","State/Presidential","7-1","2,374","1,879","79"
"Nov 08, 2016","State/Presidential","7-2","1,640","1,051","64"
"Nov 08, 2016","State/Presidential","7-3","1,290","633","49"
"Nov 08, 2016","State/Presidential","8-1","1,941","1,339","69"
"Nov 08, 2016","State/Presidential","8-2","1,860","1,364","73"
"Nov 08, 2016","State/Presidential","8-3","1,079","469","43"
"Nov 08, 2016","State/Presidential","9-1","2,520","2,191","87"
"Nov 08, 2016","State/Presidential","9-2","2,790","2,295","82"
"Nov 08, 2016","State/Presidential","9-3","2,293","1,872","82"
"Nov 08, 2016","State/Presidential","10-1","2,663","2,176","82"
"Nov 08, 2016","State/Presidential","10-2","2,570","2,124","83"
"Nov 08, 2016","State/Presidential","10-3","2,281","1,740","76"
"Nov 08, 2016","State/Presidential","11-1","2,549","1,825","72"
"Nov 08, 2016","State/Presidential","11-2","2,860","2,325","81"
"Nov 08, 2016","State/Presidential","1-1","2,284","1,758","77"
"Nov 08, 2016","State/Presidential","11-3","2,259","1,830","81"
"Sep 08, 2016","State Primary","1-1","2,116","432","20"
"Sep 08, 2016","State Primary","1-2","1,978","541","27"
"Sep 08, 2016","State Primary","1-3","2,093","618","30"
"Sep 08, 2016","State Primary","2-1","2,048","373","18"
"Sep 08, 2016","State Primary","2-2","902","20","2"
"Sep 08, 2016","State Primary","2-3","1,372","86","6"
"Sep 08, 2016","State Primary","3-1","2,020","542","27"
"Sep 08, 2016","State Primary","3-2","1,263","288","23"
"Sep 08, 2016","State Primary","3-2A","974","200","21"
"Sep 08, 2016","State Primary","3-3","2,147","404","19"
"Sep 08, 2016","State Primary","4-1","2,386","280","12"
"Sep 08, 2016","State Primary","4-2","2,520","321","13"
"Sep 08, 2016","State Primary","4-3","956","111","12"
"Sep 08, 2016","State Primary","5-1","2,171","250","12"
"Sep 08, 2016","State Primary","5-2","2,299","257","11"
"Sep 08, 2016","State Primary","5-3","1,711","171","10"
"Sep 08, 2016","State Primary","6-1","2,281","588","26"
"Sep 08, 2016","State Primary","6-2","2,269","264","12"
"Sep 08, 2016","State Primary","6-3","2,358","322","14"
"Sep 08, 2016","State Primary","7-1","2,243","323","14"
"Sep 08, 2016","State Primary","7-2","1,544","114","7"
"Sep 08, 2016","State Primary","7-3","1,185","65","5"
"Sep 08, 2016","State Primary","8-1","1,810","186","10"
"Sep 08, 2016","State Primary","8-2","1,778","199","11"
"Sep 08, 2016","State Primary","8-3","969","41","4"
"Sep 08, 2016","State Primary","9-1","2,468","653","26"
"Sep 08, 2016","State Primary","9-2","2,658","655","25"
"Sep 08, 2016","State Primary","9-3","2,248","472","21"
"Sep 08, 2016","State Primary","10-1","2,533","634","25"
"Sep 08, 2016","State Primary","10-2","2,451","677","28"
"Sep 08, 2016","State Primary","10-3","2,187","417","19"
"Sep 08, 2016","State Primary","11-1","2,370","220","9"
"Sep 08, 2016","State Primary","11-2","2,719","675","25"
"Sep 08, 2016","State Primary","11-3","2,140","517","24"
"May 10, 2016","Special State Election","2-2","919","3","0"
"May 10, 2016","Special State Election","2-3","1,350","5","0"
"May 10, 2016","Special State Election","4-1","2,382","20","1"
"May 10, 2016","Special State Election","4-3","940","28","3"
"May 10, 2016","Special State Election","5-1","2,154","34","2"
"May 10, 2016","Special State Election","5-2","2,303","41","2"
"May 10, 2016","Special State Election","5-3","1,680","16","1"
"Apr 12, 2016","Special State Primary","2-2","921","9","1"
"Apr 12, 2016","Special State Primary","2-3","1,348","53","4"
"Apr 12, 2016","Special State Primary","4-1","2,377","362","15"
"Apr 12, 2016","Special State Primary","4-3","937","91","10"
"Apr 12, 2016","Special State Primary","5-1","2,150","317","15"
"Apr 12, 2016","Special State Primary","5-2","2,297","427","19"
"Apr 12, 2016","Special State Primary","5-3","1,682","274","16"
"Mar 01, 2016","Presidential Primary","1-1","2,001","854","43"
"Mar 01, 2016","Presidential Primary","1-2","1,952","884","45"
"Mar 01, 2016","Presidential Primary","1-3","1,990","936","47"
"Mar 01, 2016","Presidential Primary","2-1","2,020","829","41"
"Mar 01, 2016","Presidential Primary","2-2","921","313","34"
"Mar 01, 2016","Presidential Primary","2-3","1,347","467","35"
"Mar 01, 2016","Presidential Primary","3-1","1,981","960","48"
"Mar 01, 2016","Presidential Primary","3-2","1,230","644","52"
"Mar 01, 2016","Presidential Primary","3-2A","974","456","47"
"Mar 01, 2016","Presidential Primary","3-3","2,147","943","44"
"Mar 01, 2016","Presidential Primary","4-1","2,365","1,174","50"
"Mar 01, 2016","Presidential Primary","4-2","2,460","1,212","49"
"Mar 01, 2016","Presidential Primary","4-3","934","439","47"
"Mar 01, 2016","Presidential Primary","5-1","2,110","1,035","49"
"Mar 01, 2016","Presidential Primary","5-2","2,278","1,172","51"
"Mar 01, 2016","Presidential Primary","5-3","1,663","876","53"
"Mar 01, 2016","Presidential Primary","6-1","2,281","1,201","53"
"Mar 01, 2016","Presidential Primary","6-2","2,211","1,107","50"
"Mar 01, 2016","Presidential Primary","6-3","2,320","1,246","54"
"Mar 01, 2016","Presidential Primary","7-1","2,212","1,280","58"
"Mar 01, 2016","Presidential Primary","7-2","1,524","660","43"
"Mar 01, 2016","Presidential Primary","7-3","1,235","440","36"
"Mar 01, 2016","Presidential Primary","8-1","1,784","879","49"
"Mar 01, 2016","Presidential Primary","8-2","1,725","835","48"
"Mar 01, 2016","Presidential Primary","8-3","942","278","30"
"Mar 01, 2016","Presidential Primary","9-1","2,449","1,561","64"
"Mar 01, 2016","Presidential Primary","9-2","2,574","1,474","57"
"Mar 01, 2016","Presidential Primary","9-3","2,223","1,264","57"
"Mar 01, 2016","Presidential Primary","10-1","2,456","1,425","58"
"Mar 01, 2016","Presidential Primary","10-2","2,434","1,444","59"
"Mar 01, 2016","Presidential Primary","10-3","2,147","1,031","48"
"Mar 01, 2016","Presidential Primary","11-1","2,163","721","33"
"Mar 01, 2016","Presidential Primary","11-2","2,666","1,584","59"
"Mar 01, 2016","Presidential Primary","11-3","2,076","1,183","57"
"Nov 03, 2015","Municipal","1-1","1,907","464","24"
"Nov 03, 2015","Municipal","1-2","1,853","584","32"
"Nov 03, 2015","Municipal","1-3","1,899","601","32"
"Nov 03, 2015","Municipal","2-1","1,971","559","28"
"Nov 03, 2015","Municipal","2-2","841","53","6"
"Nov 03, 2015","Municipal","2-3","1,246","143","11"
"Nov 03, 2015","Municipal","3-1","1,920","533","28"
"Nov 03, 2015","Municipal","3-2","1,197","317","26"
"Nov 03, 2015","Municipal","3-2A","938","219","23"
"Nov 03, 2015","Municipal","3-3","2,062","531","26"
"Nov 03, 2015","Municipal","4-1","2,284","731","32"
"Nov 03, 2015","Municipal","4-2","2,350","620","26"
"Nov 03, 2015","Municipal","4-3","885","169","19"
"Nov 03, 2015","Municipal","5-1","2,005","614","31"
"Nov 03, 2015","Municipal","5-2","2,191","694","32"
"Nov 03, 2015","Municipal","5-3","1,607","491","31"
"Nov 03, 2015","Municipal","6-1","2,215","593","27"
"Nov 03, 2015","Municipal","6-2","2,117","496","23"
"Nov 03, 2015","Municipal","6-3","2,248","610","27"
"Nov 03, 2015","Municipal","7-1","2,108","644","31"
"Nov 03, 2015","Municipal","7-2","1,421","210","15"
"Nov 03, 2015","Municipal","7-3","1,190","127","11"
"Nov 03, 2015","Municipal","8-1","1,682","286","17"
"Nov 03, 2015","Municipal","8-2","1,682","372","22"
"Nov 03, 2015","Municipal","8-3","870","67","8"
"Nov 03, 2015","Municipal","9-1","2,395","997","42"
"Nov 03, 2015","Municipal","9-2","2,469","925","37"
"Nov 03, 2015","Municipal","9-3","2,190","834","38"
"Nov 03, 2015","Municipal","10-1","2,356","802","34"
"Nov 03, 2015","Municipal","10-2","2,383","873","37"
"Nov 03, 2015","Municipal","10-3","2,132","602","28"
"Nov 03, 2015","Municipal","11-1","2,051","520","25"
"Nov 03, 2015","Municipal","11-2","2,558","972","38"
"Nov 03, 2015","Municipal","11-3","2,009","706","35"
"Nov 04, 2014","State Election","11-2","2,644","1,542","58"
"Nov 04, 2014","State Election","1-1","1,996","888","44"
"Nov 04, 2014","State Election","1-2","1,859","897","48"
"Nov 04, 2014","State Election","1-3","1,982","968","49"
"Nov 04, 2014","State Election","2-1","2,004","869","43"
"Nov 04, 2014","State Election","2-2","882","149","17"
"Nov 04, 2014","State Election","2-3","1,396","409","29"
"Nov 04, 2014","State Election","3-1","2,009","990","49"
"Nov 04, 2014","State Election","3-2","1,266","623","49"
"Nov 04, 2014","State Election","3-2A","981","427","44"
"Nov 04, 2014","State Election","3-3","2,199","916","42"
"Nov 04, 2014","State Election","4-1","2,388","1,179","49"
"Nov 04, 2014","State Election","4-2","2,558","1,241","49"
"Nov 04, 2014","State Election","4-3","960","388","40"
"Nov 04, 2014","State Election","5-1","2,112","1,009","48"
"Nov 04, 2014","State Election","5-2","2,276","1,199","53"
"Nov 04, 2014","State Election","5-3","1,715","870","51"
"Nov 04, 2014","State Election","6-1","2,330","1,213","52"
"Nov 04, 2014","State Election","6-2","2,285","1,053","46"
"Nov 04, 2014","State Election","6-3","2,368","1,253","53"
"Nov 04, 2014","State Election","7-1","2,212","1,219","55"
"Nov 04, 2014","State Election","7-2","1,587","618","39"
"Nov 04, 2014","State Election","7-3","1,275","363","28"
"Nov 04, 2014","State Election","8-1","1,832","815","44"
"Nov 04, 2014","State Election","8-2","1,800","890","49"
"Nov 04, 2014","State Election","8-3","1,024","218","21"
"Nov 04, 2014","State Election","9-1","2,487","1,661","67"
"Nov 04, 2014","State Election","9-2","2,471","1,475","60"
"Nov 04, 2014","State Election","9-3","2,267","1,366","60"
"Nov 04, 2014","State Election","10-1","2,447","1,466","60"
"Nov 04, 2014","State Election","10-2","2,449","1,502","61"
"Nov 04, 2014","State Election","10-3","2,188","1,088","50"
"Nov 04, 2014","State Election","11-1","1,987","746","38"
"Nov 04, 2014","State Election","11-3","2,041","1,215","60"
"Sep 09, 2014","State Primary","1-2","1,823","340","19"
"Sep 09, 2014","State Primary","1-3","1,961","368","19"
"Sep 09, 2014","State Primary","1-1","1,963","295","15"
"Sep 09, 2014","State Primary","2-1","1,966","240","12"
"Sep 09, 2014","State Primary","2-2","866","16","2"
"Sep 09, 2014","State Primary","2-3","1,362","140","10"
"Sep 09, 2014","State Primary","3-1","1,944","233","12"
"Sep 09, 2014","State Primary","3-2","1,220","168","14"
"Sep 09, 2014","State Primary","3-2A","952","126","13"
"Sep 09, 2014","State Primary","3-3","2,139","297","14"
"Sep 09, 2014","State Primary","4-1","2,318","414","18"
"Sep 09, 2014","State Primary","4-2","2,501","454","18"
"Sep 09, 2014","State Primary","4-3","934","135","14"
"Sep 09, 2014","State Primary","5-1","2,058","390","19"
"Sep 09, 2014","State Primary","5-2","2,229","441","20"
"Sep 09, 2014","State Primary","5-3","1,684","333","20"
"Sep 09, 2014","State Primary","6-1","2,260","476","21"
"Sep 09, 2014","State Primary","6-2","2,234","413","18"
"Sep 09, 2014","State Primary","6-3","2,312","532","23"
"Sep 09, 2014","State Primary","7-1","2,153","563","26"
"Sep 09, 2014","State Primary","7-2","1,528","214","14"
"Sep 09, 2014","State Primary","7-3","1,243","99","8"
"Sep 09, 2014","State Primary","8-1","1,790","312","17"
"Sep 09, 2014","State Primary","8-2","1,751","404","23"
"Sep 09, 2014","State Primary","8-3","1,010","67","7"
"Sep 09, 2014","State Primary","9-1","2,468","885","36"
"Sep 09, 2014","State Primary","9-2","2,414","680","28"
"Sep 09, 2014","State Primary","9-3","2,228","648","29"
"Sep 09, 2014","State Primary","10-1","2,393","645","27"
"Sep 09, 2014","State Primary","10-2","2,380","772","32"
"Sep 09, 2014","State Primary","10-3","2,144","420","20"
"Sep 09, 2014","State Primary","11-1","1,951","158","8"
"Sep 09, 2014","State Primary","11-2","2,582","706","27"
"Sep 09, 2014","State Primary","11-3","1,999","540","27"
"Dec 10, 2013","Special State Election","7-2","1,794","110","6"
"Dec 10, 2013","Special State Election","3-2A","1,032","67","6"
"Dec 10, 2013","Special State Election","4-2","2,757","253","9"
"Dec 10, 2013","Special State Election","4-3","1,087","92","8"
"Dec 10, 2013","Special State Election","6-1","2,495","258","10"
"Dec 10, 2013","Special State Election","6-2","2,549","252","10"
"Dec 10, 2013","Special State Election","6-3","2,583","295","11"
"Dec 10, 2013","Special State Election","7-1","2,382","314","13"
"Dec 10, 2013","Special State Election","7-3","1,403","52","4"
"Dec 10, 2013","Special State Election","8-1","2,037","185","9"
"Dec 10, 2013","Special State Election","8-2","1,947","236","12"
"Dec 10, 2013","Special State Election","8-3","1,143","30","3"
"Dec 10, 2013","Special State Election","9-1","2,589","571","22"
"Dec 10, 2013","Special State Election","9-2","2,547","413","16"
"Dec 10, 2013","Special State Election","9-3","2,362","327","14"
"Dec 10, 2013","Special State Election","10-1","2,620","387","15"
"Dec 10, 2013","Special State Election","10-2","2,578","492","19"
"Nov 05, 2013","Municipal","11-2","2,752","901","33"
"Nov 05, 2013","Municipal","1-1","2,069","397","19"
"Nov 05, 2013","Municipal","1-2","1,930","523","27"
"Nov 05, 2013","Municipal","1-3","2,112","576","27"
"Nov 05, 2013","Municipal","2-1","2,105","524","25"
"Nov 05, 2013","Municipal","2-2","1,015","44","4"
"Nov 05, 2013","Municipal","2-3","1,550","126","8"
"Nov 05, 2013","Municipal","3-1","2,121","525","25"
"Nov 05, 2013","Municipal","3-2","1,352","288","21"
"Nov 05, 2013","Municipal","3-2A","1,029","221","21"
"Nov 05, 2013","Municipal","3-3","2,393","543","23"
"Nov 05, 2013","Municipal","4-1","2,496","671","27"
"Nov 05, 2013","Municipal","4-2","2,751","634","23"
"Nov 05, 2013","Municipal","4-3","1,077","204","19"
"Nov 05, 2013","Municipal","5-1","2,275","556","24"
"Nov 05, 2013","Municipal","5-2","2,394","680","28"
"Nov 05, 2013","Municipal","5-3","1,878","492","26"
"Nov 05, 2013","Municipal","6-1","2,489","643","26"
"Nov 05, 2013","Municipal","6-2","2,536","510","20"
"Nov 05, 2013","Municipal","6-3","2,575","642","25"
"Nov 05, 2013","Municipal","7-1","2,374","663","28"
"Nov 05, 2013","Municipal","7-2","1,789","218","12"
"Nov 05, 2013","Municipal","7-3","1,401","167","12"
"Nov 05, 2013","Municipal","8-1","2,037","368","18"
"Nov 05, 2013","Municipal","8-2","1,941","445","23"
"Nov 05, 2013","Municipal","11-3","2,090","701","34"
"Nov 05, 2013","Municipal","8-3","1,139","152","13"
"Nov 05, 2013","Municipal","9-1","2,586","994","38"
"Nov 05, 2013","Municipal","9-2","2,540","850","33"
"Nov 05, 2013","Municipal","9-3","2,359","832","35"
"Nov 05, 2013","Municipal","10-1","2,605","790","30"
"Nov 05, 2013","Municipal","10-2","2,568","883","34"
"Nov 05, 2013","Municipal","10-3","2,251","616","27"
"Nov 05, 2013","Municipal","11-1","2,023","472","23"
"Oct 15, 2013","Special State Primary","6-2","2,495","281","11"
"Oct 15, 2013","Special State Primary","3-2A","1,020","70","7"
"Oct 15, 2013","Special State Primary","4-2","2,723","337","12"
"Oct 15, 2013","Special State Primary","4-3","1,065","107","10"
"Oct 15, 2013","Special State Primary","6-1","2,460","334","14"
"Oct 15, 2013","Special State Primary","6-3","2,546","354","14"
"Oct 15, 2013","Special State Primary","7-1","2,342","435","19"
"Oct 15, 2013","Special State Primary","7-2","1,765","136","8"
"Oct 15, 2013","Special State Primary","7-3","1,167","68","6"
"Oct 15, 2013","Special State Primary","8-1","1,987","249","13"
"Oct 15, 2013","Special State Primary","8-2","1,888","303","16"
"Oct 15, 2013","Special State Primary","8-3","1,008","38","4"
"Oct 15, 2013","Special State Primary","9-1","2,573","696","27"
"Oct 15, 2013","Special State Primary","9-2","2,516","515","20"
"Oct 15, 2013","Special State Primary","9-3","2,334","465","20"
"Oct 15, 2013","Special State Primary","10-1","2,580","511","20"
"Oct 15, 2013","Special State Primary","10-2","2,560","641","25"
"Jun 25, 2013","Special State Election (US Senate)","4-3","1,069","230","22"
"Jun 25, 2013","Special State Election (State Rep)","2-2","1,005","58","6"
"Jun 25, 2013","Special State Election (State Rep)","2-3","1,554","225","14"
"Jun 25, 2013","Special State Election (State Rep)","5-1","2,281","680","30"
"Jun 25, 2013","Special State Election (State Rep)","5-2","2,392","759","32"
"Jun 25, 2013","Special State Election (State Rep)","5-3","1,873","565","30"
"Jun 25, 2013","Special State Election (US Senate)","1-1","2,033","470","23"
"Jun 25, 2013","Special State Election (US Senate)","1-2","1,924","511","27"
"Jun 25, 2013","Special State Election (US Senate)","1-3","2,128","565","27"
"Jun 25, 2013","Special State Election (US Senate)","2-1","2,092","518","25"
"Jun 25, 2013","Special State Election (US Senate)","2-2","1,005","59","6"
"Jun 25, 2013","Special State Election (US Senate)","2-3","1,554","237","15"
"Jun 25, 2013","Special State Election (US Senate)","3-1","2,106","509","24"
"Jun 25, 2013","Special State Election (US Senate)","3-2","1,339","382","29"
"Jun 25, 2013","Special State Election (US Senate)","3-2A","1,021","231","23"
"Jun 25, 2013","Special State Election (US Senate)","3-3","2,359","569","24"
"Jun 25, 2013","Special State Election (US Senate)","4-1","2,502","728","29"
"Jun 25, 2013","Special State Election (US Senate)","4-2","2,724","803","29"
"Jun 25, 2013","Special State Election (US Senate)","5-1","2,281","693","30"
"Jun 25, 2013","Special State Election (US Senate)","5-2","2,392","762","32"
"Jun 25, 2013","Special State Election (US Senate)","5-3","1,873","574","31"
"Jun 25, 2013","Special State Election (US Senate)","6-1","2,470","830","34"
"Jun 25, 2013","Special State Election (US Senate)","6-2","2,537","742","29"
"Jun 25, 2013","Special State Election (US Senate)","6-3","2,571","836","33"
"Jun 25, 2013","Special State Election (US Senate)","7-1","2,372","852","36"
"Jun 25, 2013","Special State Election (US Senate)","7-2","1,744","354","20"
"Jun 25, 2013","Special State Election (US Senate)","7-3","1,195","180","15"
"Jun 25, 2013","Special State Election (US Senate)","8-1","1,963","535","27"
"Jun 25, 2013","Special State Election (US Senate)","8-2","1,904","597","31"
"Jun 25, 2013","Special State Election (US Senate)","8-3","1,037","109","11"
"Jun 25, 2013","Special State Election (US Senate)","9-1","2,604","1,254","48"
"Jun 25, 2013","Special State Election (US Senate)","9-2","2,526","1,001","40"
"Jun 25, 2013","Special State Election (US Senate)","9-3","2,363","879","37"
"Jun 25, 2013","Special State Election (US Senate)","10-1","2,610","999","38"
"Jun 25, 2013","Special State Election (US Senate)","10-2","2,560","1,104","43"
"Jun 25, 2013","Special State Election (US Senate)","10-3","2,225","703","32"
"Jun 25, 2013","Special State Election (US Senate)","11-1","1,981","405","20"
"Jun 25, 2013","Special State Election (US Senate)","11-2","2,770","1,062","38"
"Jun 25, 2013","Special State Election (US Senate)","11-3","2,117","833","39"
"May 28, 2013","Special State Primary","5-1","2,258","304","13"
"May 28, 2013","Special State Primary","5-2","2,356","382","16"
"May 28, 2013","Special State Primary","5-3","1,859","247","13"
"May 28, 2013","Special State Primary","2-2","997","6","1"
"May 28, 2013","Special State Primary","2-3","1,537","32","2"
"Apr 30, 2013","Special State Primary","2-1","2,062","228","11"
"Apr 30, 2013","Special State Primary","2-2","993","27","3"
"Apr 30, 2013","Special State Primary","2-3","1,537","137","9"
"Apr 30, 2013","Special State Primary","3-1","2,073","298","14"
"Apr 30, 2013","Special State Primary","3-2","1,318","200","15"
"Apr 30, 2013","Special State Primary","3-2A","1,021","141","14"
"Apr 30, 2013","Special State Primary","3-3","2,318","320","14"
"Apr 30, 2013","Special State Primary","4-1","2,464","480","19"
"Apr 30, 2013","Special State Primary","11-2","2,730","741","27"
"Apr 30, 2013","Special State Primary","4-2","2,696","493","18"
"Apr 30, 2013","Special State Primary","4-3","1,049","153","15"
"Apr 30, 2013","Special State Primary","5-1","2,250","432","19"
"Apr 30, 2013","Special State Primary","5-2","2,351","507","22"
"Apr 30, 2013","Special State Primary","5-3","1,850","373","20"
"Apr 30, 2013","Special State Primary","6-1","2,431","512","21"
"Apr 30, 2013","Special State Primary","6-2","2,510","469","19"
"Apr 30, 2013","Special State Primary","6-3","2,543","584","23"
"Apr 30, 2013","Special State Primary","7-1","2,354","638","27"
"Apr 30, 2013","Special State Primary","11-3","2,090","602","29"
"Apr 30, 2013","Special State Primary","7-2","1,721","236","14"
"Apr 30, 2013","Special State Primary","7-3","1,194","155","13"
"Apr 30, 2013","Special State Primary","8-2","1,888","447","24"
"Apr 30, 2013","Special State Primary","8-1","1,957","398","20"
"Apr 30, 2013","Special State Primary","8-3","1,024","126","12"
"Apr 30, 2013","Special State Primary","9-1","2,591","887","34"
"Apr 30, 2013","Special State Primary","9-2","2,523","707","28"
"Apr 30, 2013","Special State Primary","9-3","2,345","601","26"
"Apr 30, 2013","Special State Primary","10-1","2,575","721","28"
"Apr 30, 2013","Special State Primary","10-3","2,192","465","21"
"Apr 30, 2013","Special State Primary","10-2","2,553","823","32"
"Apr 30, 2013","Special State Primary","11-1","1,979","190","10"
"Apr 30, 2013","Special State Primary","1-1","2,008","274","14"
"Apr 30, 2013","Special State Primary","1-2","1,888","330","17"
"Apr 30, 2013","Special State Primary","1-3","2,113","381","18"
"Nov 06, 2012","State/Presidential","8-2","1,900","1,380","73"
"Nov 06, 2012","State/Presidential","1-1","1,993","1,401","70"
"Nov 06, 2012","State/Presidential","1-2","1,903","1,390","73"
"Nov 06, 2012","State/Presidential","1-3","2,111","1,498","71"
"Nov 06, 2012","State/Presidential","2-1","2,081","1,482","71"
"Nov 06, 2012","State/Presidential","2-2","1,005","606","60"
"Nov 06, 2012","State/Presidential","2-3","1,559","1,041","67"
"Nov 06, 2012","State/Presidential","3-1","2,090","1,523","73"
"Nov 06, 2012","State/Presidential","3-2","1,332","971","73"
"Nov 06, 2012","State/Presidential","3-2A","1,019","703","69"
"Nov 06, 2012","State/Presidential","3-3","2,361","1,577","67"
"Nov 06, 2012","State/Presidential","4-1","2,500","1,844","74"
"Nov 06, 2012","State/Presidential","4-2","2,721","1,941","71"
"Nov 06, 2012","State/Presidential","4-3","1,055","690","65"
"Nov 06, 2012","State/Presidential","5-1","2,263","1,628","72"
"Nov 06, 2012","State/Presidential","5-2","2,377","1,823","77"
"Nov 06, 2012","State/Presidential","5-3","1,848","1,334","72"
"Nov 06, 2012","State/Presidential","6-1","2,424","1,799","74"
"Nov 06, 2012","State/Presidential","6-2","2,507","1,737","69"
"Nov 06, 2012","State/Presidential","6-3","2,552","1,919","75"
"Nov 06, 2012","State/Presidential","7-1","2,376","1,808","76"
"Nov 06, 2012","State/Presidential","7-2","1,732","1,116","64"
"Nov 06, 2012","State/Presidential","7-3","1,150","813","71"
"Nov 06, 2012","State/Presidential","8-1","1,945","1,371","70"
"Nov 06, 2012","State/Presidential","8-3","1,005","570","57"
"Nov 06, 2012","State/Presidential","9-1","2,584","2,159","84"
"Nov 06, 2012","State/Presidential","9-2","2,530","1,973","78"
"Nov 06, 2012","State/Presidential","9-3","2,351","1,810","77"
"Nov 06, 2012","State/Presidential","10-1","2,586","2,005","78"
"Nov 06, 2012","State/Presidential","10-2","2,560","2,056","80"
"Nov 06, 2012","State/Presidential","10-3","2,198","1,647","75"
"Nov 06, 2012","State/Presidential","11-1","1,971","1,335","68"
"Nov 06, 2012","State/Presidential","11-2","2,705","2,157","80"
"Nov 06, 2012","State/Presidential","11-3","2,083","1,642","79"
"Sep 06, 2012","State Primary","11-3","1,928","567","29"
"Sep 06, 2012","State Primary","1-1","1,829","220","12"
"Sep 06, 2012","State Primary","1-2","1,745","270","15"
"Sep 06, 2012","State Primary","1-3","1,973","341","17"
"Sep 06, 2012","State Primary","2-1","1,946","271","14"
"Sep 06, 2012","State Primary","2-2","624","13","2"
"Sep 06, 2012","State Primary","2-3","1,147","78","7"
"Sep 06, 2012","State Primary","3-1","1,906","242","13"
"Sep 06, 2012","State Primary","3-2","1,186","105","9"
"Sep 06, 2012","State Primary","3-2A","935","108","12"
"Sep 06, 2012","State Primary","3-3","2,053","231","11"
"Sep 06, 2012","State Primary","4-1","2,290","397","17"
"Sep 06, 2012","State Primary","4-2","2,429","340","14"
"Sep 06, 2012","State Primary","4-3","894","141","16"
"Sep 06, 2012","State Primary","5-1","2,048","218","11"
"Sep 06, 2012","State Primary","5-2","2,200","321","15"
"Sep 06, 2012","State Primary","5-3","1,668","194","12"
"Sep 06, 2012","State Primary","6-1","2,219","307","14"
"Sep 06, 2012","State Primary","6-2","2,227","288","13"
"Sep 06, 2012","State Primary","6-3","2,337","369","16"
"Sep 06, 2012","State Primary","7-1","2,199","426","19"
"Sep 06, 2012","State Primary","7-2","1,438","126","9"
"Sep 06, 2012","State Primary","7-3","776","64","8"
"Sep 06, 2012","State Primary","8-1","1,658","231","14"
"Sep 06, 2012","State Primary","8-2","1,670","221","13"
"Sep 06, 2012","State Primary","8-3","692","35","5"
"Sep 06, 2012","State Primary","9-1","2,514","371","15"
"Sep 06, 2012","State Primary","9-2","2,422","395","16"
"Sep 06, 2012","State Primary","9-3","2,255","345","15"
"Sep 06, 2012","State Primary","10-1","2,407","459","19"
"Sep 06, 2012","State Primary","10-2","2,425","572","24"
"Sep 06, 2012","State Primary","10-3","2,032","299","15"
"Sep 06, 2012","State Primary","11-1","1,876","338","18"
"Sep 06, 2012","State Primary","11-2","2,563","427","17"
"Mar 06, 2012","Presidential Primary","6-1","2,126","238","11"
"Mar 06, 2012","Presidential Primary","1-1","1,769","212","12"
"Mar 06, 2012","Presidential Primary","1-2","1,713","235","14"
"Mar 06, 2012","Presidential Primary","1-3","1,971","283","14"
"Mar 06, 2012","Presidential Primary","2-1","1,909","177","9"
"Mar 06, 2012","Presidential Primary","2-2","597","51","9"
"Mar 06, 2012","Presidential Primary","2-3","1,099","96","9"
"Mar 06, 2012","Presidential Primary","3-1","1,870","192","10"
"Mar 06, 2012","Presidential Primary","3-2","1,148","110","10"
"Mar 06, 2012","Presidential Primary","3-2A","915","96","10"
"Mar 06, 2012","Presidential Primary","3-3","1,972","193","10"
"Mar 06, 2012","Presidential Primary","4-1","2,235","255","11"
"Mar 06, 2012","Presidential Primary","4-2","2,369","291","12"
"Mar 06, 2012","Presidential Primary","4-3","857","110","13"
"Mar 06, 2012","Presidential Primary","5-1","1,972","204","10"
"Mar 06, 2012","Presidential Primary","5-2","2,126","270","13"
"Mar 06, 2012","Presidential Primary","5-3","1,612","163","10"
"Mar 06, 2012","Presidential Primary","7-2","1,394","102","7"
"Mar 06, 2012","Presidential Primary","7-3","774","63","8"
"Mar 06, 2012","Presidential Primary","8-1","1,643","162","10"
"Mar 06, 2012","Presidential Primary","8-2","1,618","193","12"
"Mar 06, 2012","Presidential Primary","8-3","669","36","5"
"Mar 06, 2012","Presidential Primary","9-1","2,479","374","15"
"Mar 06, 2012","Presidential Primary","9-2","2,351","314","13"
"Mar 06, 2012","Presidential Primary","9-3","2,217","293","13"
"Mar 06, 2012","Presidential Primary","10-1","2,394","290","12"
"Mar 06, 2012","Presidential Primary","10-2","2,375","335","14"
"Mar 06, 2012","Presidential Primary","10-3","1,978","235","12"
"Mar 06, 2012","Presidential Primary","11-1","1,853","131","7"
"Mar 06, 2012","Presidential Primary","11-2","2,483","311","13"
"Mar 06, 2012","Presidential Primary","11-3","1,907","294","15"
"Mar 06, 2012","Presidential Primary","6-2","2,172","205","9"
"Mar 06, 2012","Presidential Primary","6-3","2,278","253","11"
"Mar 06, 2012","Presidential Primary","7-1","2,153","210","10"
"Jan 10, 2012","Special State Election","10-1","2,376","125","5"
"Jan 10, 2012","Special State Election","10-3","1,729","72","4"
"Jan 10, 2012","Special State Election","11-1","1,853","22","1"
"Jan 10, 2012","Special State Election","11-2","2,234","186","8"
"Jan 10, 2012","Special State Election","11-3","2,401","207","9"
"Jan 10, 2012","Special State Election","9-2","2,430","123","5"
"Jan 10, 2012","Special State Election","9-3","2,220","97","4"
"Dec 13, 2011","Special State Primary","9-3","2,204","473","21"
"Dec 13, 2011","Special State Primary","10-1","2,356","389","17"
"Dec 13, 2011","Special State Primary","10-3","1,708","223","13"
"Dec 13, 2011","Special State Primary","11-1","1,837","152","8"
"Dec 13, 2011","Special State Primary","11-2","2,212","499","23"
"Dec 13, 2011","Special State Primary","9-2","2,412","508","21"
"Dec 13, 2011","Special State Primary","11-3","2,383","576","24"
"Nov 08, 2011","Municipal","10-2","2,269","741","33"
"Nov 08, 2011","Municipal","1-1","2,592","515","20"
"Nov 08, 2011","Municipal","1-2","1,704","557","33"
"Nov 08, 2011","Municipal","1-3","1,846","573","31"
"Nov 08, 2011","Municipal","2-1","1,872","520","28"
"Nov 08, 2011","Municipal","2-2","659","30","5"
"Nov 08, 2011","Municipal","2-3","553","39","7"
"Nov 08, 2011","Municipal","3-1","1,589","459","29"
"Nov 08, 2011","Municipal","3-2","1,921","417","22"
"Nov 08, 2011","Municipal","3-3","1,574","344","22"
"Nov 08, 2011","Municipal","4-1","2,114","577","27"
"Nov 08, 2011","Municipal","4-2","2,277","545","24"
"Nov 08, 2011","Municipal","4-3","1,026","165","16"
"Nov 08, 2011","Municipal","5-1","2,401","549","23"
"Nov 08, 2011","Municipal","5-2","2,154","618","29"
"Nov 08, 2011","Municipal","5-3","2,194","646","29"
"Nov 08, 2011","Municipal","6-1","2,047","565","28"
"Nov 08, 2011","Municipal","6-2","2,008","408","20"
"Nov 08, 2011","Municipal","6-3","2,123","579","27"
"Nov 08, 2011","Municipal","7-1","1,961","531","27"
"Nov 08, 2011","Municipal","7-2","1,219","164","13"
"Nov 08, 2011","Municipal","7-3","734","88","12"
"Nov 08, 2011","Municipal","8-1","1,516","269","18"
"Nov 08, 2011","Municipal","8-2","1,999","528","26"
"Nov 08, 2011","Municipal","8-3","677","69","10"
"Nov 08, 2011","Municipal","9-1","2,209","797","36"
"Nov 08, 2011","Municipal","9-2","2,419","801","33"
"Nov 08, 2011","Municipal","9-3","2,202","738","34"
"Nov 08, 2011","Municipal","10-1","2,349","710","30"
"Nov 08, 2011","Municipal","10-3","1,701","444","26"
"Nov 08, 2011","Municipal","11-1","1,841","307","17"
"Nov 08, 2011","Municipal","11-2","2,214","792","36"
"Nov 08, 2011","Municipal","11-3","2,386","886","37"
"Nov 02, 2010","State Election","5-3","2,340","1,338","57"
"Nov 02, 2010","State Election","1-1","2,548","1,354","53"
"Nov 02, 2010","State Election","1-2","1,782","945","53"
"Nov 02, 2010","State Election","1-3","1,861","965","52"
"Nov 02, 2010","State Election","2-1","1,890","956","51"
"Nov 02, 2010","State Election","2-2","772","185","24"
"Nov 02, 2010","State Election","2-3","643","177","28"
"Nov 02, 2010","State Election","3-1","1,656","859","52"
"Nov 02, 2010","State Election","3-2","1,945","1,039","53"
"Nov 02, 2010","State Election","3-3","1,647","762","46"
"Nov 02, 2010","State Election","4-1","2,194","1,214","55"
"Nov 02, 2010","State Election","4-2","2,409","1,264","52"
"Nov 02, 2010","State Election","4-3","1,145","427","37"
"Nov 02, 2010","State Election","5-1","2,485","1,227","49"
"Nov 02, 2010","State Election","5-2","2,215","1,261","57"
"Nov 02, 2010","State Election","6-1","2,156","1,203","56"
"Nov 02, 2010","State Election","6-2","2,136","1,074","50"
"Nov 02, 2010","State Election","6-3","2,217","1,258","57"
"Nov 02, 2010","State Election","7-1","2,089","1,216","58"
"Nov 02, 2010","State Election","7-2","1,309","585","45"
"Nov 02, 2010","State Election","7-3","842","359","43"
"Nov 02, 2010","State Election","8-1","1,636","760","46"
"Nov 02, 2010","State Election","8-2","2,055","1,266","62"
"Nov 02, 2010","State Election","8-3","814","273","34"
"Nov 02, 2010","State Election","9-1","2,255","1,554","69"
"Nov 02, 2010","State Election","9-2","2,464","1,572","64"
"Nov 02, 2010","State Election","9-3","2,262","1,351","60"
"Nov 02, 2010","State Election","10-1","2,472","1,519","61"
"Nov 02, 2010","State Election","10-2","2,338","1,515","65"
"Nov 02, 2010","State Election","10-3","1,700","940","55"
"Nov 02, 2010","State Election","11-1","1,842","815","44"
"Nov 02, 2010","State Election","11-2","2,271","1,479","65"
"Nov 02, 2010","State Election","11-3","2,462","1,528","62"
"Sep 14, 2010","State Primary","10-1","2,421","375","15"
"Sep 14, 2010","State Primary","11-1","1,792","121","7"
"Sep 14, 2010","State Primary","11-3","2,437","482","20"
"Sep 14, 2010","State Primary","10-2","2,288","610","27"
"Sep 14, 2010","State Primary","1-1","2,456","271","11"
"Sep 14, 2010","State Primary","1-2","1,711","270","16"
"Sep 14, 2010","State Primary","1-3","1,809","288","16"
"Sep 14, 2010","State Primary","2-1","1,852","134","7"
"Sep 14, 2010","State Primary","2-2","754","10","1"
"Sep 14, 2010","State Primary","2-3","621","25","4"
"Sep 14, 2010","State Primary","3-1","1,604","186","12"
"Sep 14, 2010","State Primary","3-2","1,875","270","14"
"Sep 14, 2010","State Primary","3-3","1,555","140","9"
"Sep 14, 2010","State Primary","4-1","2,135","233","11"
"Sep 14, 2010","State Primary","4-2","2,334","291","12"
"Sep 14, 2010","State Primary","4-3","1,091","91","8"
"Sep 14, 2010","State Primary","10-3","1,686","228","14"
"Sep 14, 2010","State Primary","5-1","2,405","220","9"
"Sep 14, 2010","State Primary","5-2","2,136","277","13"
"Sep 14, 2010","State Primary","5-3","2,268","299","13"
"Sep 14, 2010","State Primary","6-1","2,106","356","17"
"Sep 14, 2010","State Primary","6-2","2,075","324","16"
"Sep 14, 2010","State Primary","6-3","2,146","416","19"
"Sep 14, 2010","State Primary","7-1","2,018","395","20"
"Sep 14, 2010","State Primary","7-2","1,241","111","9"
"Sep 14, 2010","State Primary","7-3","761","59","8"
"Sep 14, 2010","State Primary","8-1","1,578","247","16"
"Sep 14, 2010","State Primary","8-2","2,004","434","22"
"Sep 14, 2010","State Primary","8-3","782","50","6"
"Sep 14, 2010","State Primary","9-1","2,208","666","30"
"Sep 14, 2010","State Primary","9-2","2,414","407","17"
"Sep 14, 2010","State Primary","9-3","2,221","416","19"
"Sep 14, 2010","State Primary","11-2","2,207","387","18"
"Jan 19, 2010","Special State Election","3-1","1,603","806","50"
"Jan 19, 2010","Special State Election","1-1","2,331","1,204","52"
"Jan 19, 2010","Special State Election","1-2","1,700","862","51"
"Jan 19, 2010","Special State Election","1-3","1,774","877","49"
"Jan 19, 2010","Special State Election","2-1","1,825","799","44"
"Jan 19, 2010","Special State Election","2-2","771","208","27"
"Jan 19, 2010","Special State Election","2-3","613","162","26"
"Jan 19, 2010","Special State Election","3-2","1,845","946","51"
"Jan 19, 2010","Special State Election","3-3","1,542","689","45"
"Jan 19, 2010","Special State Election","4-1","2,116","1,127","53"
"Jan 19, 2010","Special State Election","4-2","2,348","1,227","52"
"Jan 19, 2010","Special State Election","4-3","1,039","420","40"
"Jan 19, 2010","Special State Election","5-1","2,365","1,227","52"
"Jan 19, 2010","Special State Election","5-2","2,138","1,225","57"
"Jan 19, 2010","Special State Election","5-3","2,264","1,358","60"
"Jan 19, 2010","Special State Election","6-1","2,108","1,217","58"
"Jan 19, 2010","Special State Election","6-2","2,050","1,113","54"
"Jan 19, 2010","Special State Election","6-3","2,142","1,205","56"
"Jan 19, 2010","Special State Election","7-1","2,016","1,201","60"
"Jan 19, 2010","Special State Election","7-2","1,263","552","44"
"Jan 19, 2010","Special State Election","7-3","812","333","41"
"Jan 19, 2010","Special State Election","8-1","1,568","786","50"
"Jan 19, 2010","Special State Election","8-2","2,002","1,216","61"
"Jan 19, 2010","Special State Election","8-3","749","251","34"
"Jan 19, 2010","Special State Election","9-1","2,178","1,457","67"
"Jan 19, 2010","Special State Election","9-2","2,363","1,474","62"
"Jan 19, 2010","Special State Election","9-3","2,203","1,317","60"
"Jan 19, 2010","Special State Election","10-1","2,412","1,498","62"
"Jan 19, 2010","Special State Election","10-2","2,260","1,464","65"
"Jan 19, 2010","Special State Election","10-3","1,656","857","52"
"Jan 19, 2010","Special State Election","11-1","1,729","615","36"
"Jan 19, 2010","Special State Election","11-2","2,185","1,389","64"
"Jan 19, 2010","Special State Election","11-3","2,429","1,495","62"
"Dec 08, 2009","Special State Primary","5-2","2,103","583","28"
"Dec 08, 2009","Special State Primary","1-1","2,303","536","23"
"Dec 08, 2009","Special State Primary","1-2","1,693","455","27"
"Dec 08, 2009","Special State Primary","1-3","1,756","471","27"
"Dec 08, 2009","Special State Primary","2-1","1,801","282","16"
"Dec 08, 2009","Special State Primary","2-2","767","37","5"
"Dec 08, 2009","Special State Primary","2-3","603","45","7"
"Dec 08, 2009","Special State Primary","3-1","1,586","401","25"
"Dec 08, 2009","Special State Primary","3-2","1,828","426","23"
"Dec 08, 2009","Special State Primary","3-3","1,527","254","17"
"Dec 08, 2009","Special State Primary","4-1","2,089","514","25"
"Dec 08, 2009","Special State Primary","4-2","2,321","553","24"
"Dec 08, 2009","Special State Primary","4-3","1,034","185","18"
"Dec 08, 2009","Special State Primary","5-1","2,339","512","22"
"Dec 08, 2009","Special State Primary","5-3","2,249","649","29"
"Dec 08, 2009","Special State Primary","6-1","2,081","590","28"
"Dec 08, 2009","Special State Primary","6-2","2,019","497","25"
"Dec 08, 2009","Special State Primary","6-3","2,117","628","30"
"Dec 08, 2009","Special State Primary","7-1","1,994","609","31"
"Dec 08, 2009","Special State Primary","7-2","1,239","221","18"
"Dec 08, 2009","Special State Primary","7-3","801","133","17"
"Dec 08, 2009","Special State Primary","8-1","1,555","399","26"
"Dec 08, 2009","Special State Primary","8-2","1,988","706","36"
"Dec 08, 2009","Special State Primary","8-3","743","105","14"
"Dec 08, 2009","Special State Primary","9-1","2,165","910","42"
"Dec 08, 2009","Special State Primary","9-2","2,346","821","35"
"Dec 08, 2009","Special State Primary","9-3","2,182","756","35"
"Dec 08, 2009","Special State Primary","10-1","2,387","801","34"
"Dec 08, 2009","Special State Primary","10-2","2,235","891","40"
"Dec 08, 2009","Special State Primary","10-3","1,639","432","26"
"Dec 08, 2009","Special State Primary","11-1","1,705","216","13"
"Dec 08, 2009","Special State Primary","11-2","2,158","763","35"
"Dec 08, 2009","Special State Primary","11-3","2,405","825","34"
"Nov 03, 2009","Municipal","9-2","2,344","812","35"
"Nov 03, 2009","Municipal","11-3","2,405","861","36"
"Nov 03, 2009","Municipal","11-2","2,179","729","33"
"Nov 03, 2009","Municipal","9-3","2,186","756","35"
"Nov 03, 2009","Municipal","10-1","2,401","715","30"
"Nov 03, 2009","Municipal","10-2","2,236","720","32"
"Nov 03, 2009","Municipal","1-1","2,264","544","24"
"Nov 03, 2009","Municipal","1-2","1,687","607","36"
"Nov 03, 2009","Municipal","1-3","1,756","603","34"
"Nov 03, 2009","Municipal","2-1","1,817","497","27"
"Nov 03, 2009","Municipal","2-2","763","40","5"
"Nov 03, 2009","Municipal","2-3","598","37","6"
"Nov 03, 2009","Municipal","3-1","1,590","468","29"
"Nov 03, 2009","Municipal","3-2","1,833","432","24"
"Nov 03, 2009","Municipal","3-3","1,537","336","22"
"Nov 03, 2009","Municipal","4-1","2,092","604","29"
"Nov 03, 2009","Municipal","10-3","1,632","399","24"
"Nov 03, 2009","Municipal","4-2","2,319","536","23"
"Nov 03, 2009","Municipal","4-3","1,027","182","18"
"Nov 03, 2009","Municipal","5-1","2,362","611","26"
"Nov 03, 2009","Municipal","5-2","2,112","660","31"
"Nov 03, 2009","Municipal","5-3","2,264","669","30"
"Nov 03, 2009","Municipal","6-1","2,079","555","27"
"Nov 03, 2009","Municipal","6-2","2,035","428","21"
"Nov 03, 2009","Municipal","6-3","2,124","540","25"
"Nov 03, 2009","Municipal","7-1","1,998","507","25"
"Nov 03, 2009","Municipal","7-2","1,239","169","14"
"Nov 03, 2009","Municipal","7-3","801","88","11"
"Nov 03, 2009","Municipal","8-1","1,564","283","18"
"Nov 03, 2009","Municipal","8-2","2,001","553","28"
"Nov 03, 2009","Municipal","11-1","1,703","274","16"
"Nov 03, 2009","Municipal","8-3","743","71","10"
"Nov 03, 2009","Municipal","9-1","2,159","787","36"
"Nov 04, 2008","State/Presidential","11-3","2,481","1,953","79"
"Nov 04, 2008","State/Presidential","1-1","2,182","1,644","75"
"Nov 04, 2008","State/Presidential","1-2","1,848","1,305","71"
"Nov 04, 2008","State/Presidential","1-3","1,886","1,325","70"
"Nov 04, 2008","State/Presidential","2-1","1,933","1,392","72"
"Nov 04, 2008","State/Presidential","2-2","901","397","44"
"Nov 04, 2008","State/Presidential","2-3","800","384","48"
"Nov 04, 2008","State/Presidential","3-1","1,725","1,212","70"
"Nov 04, 2008","State/Presidential","3-2","1,970","1,436","73"
"Nov 04, 2008","State/Presidential","3-3","1,777","1,148","65"
"Nov 04, 2008","State/Presidential","4-1","2,245","1,612","72"
"Nov 04, 2008","State/Presidential","4-2","2,531","1,771","70"
"Nov 04, 2008","State/Presidential","4-3","1,199","728","61"
"Nov 04, 2008","State/Presidential","5-1","2,564","1,775","69"
"Nov 04, 2008","State/Presidential","5-2","2,218","1,682","76"
"Nov 04, 2008","State/Presidential","5-3","2,479","1,840","74"
"Nov 04, 2008","State/Presidential","6-1","2,295","1,675","73"
"Nov 04, 2008","State/Presidential","6-2","2,194","1,535","70"
"Nov 04, 2008","State/Presidential","6-3","2,332","1,744","75"
"Nov 04, 2008","State/Presidential","7-1","2,165","1,603","74"
"Nov 04, 2008","State/Presidential","7-2","1,435","863","60"
"Nov 04, 2008","State/Presidential","7-3","914","610","67"
"Nov 04, 2008","State/Presidential","8-1","1,765","1,189","67"
"Nov 04, 2008","State/Presidential","8-2","2,200","1,692","77"
"Nov 04, 2008","State/Presidential","8-3","883","444","50"
"Nov 04, 2008","State/Presidential","9-1","2,313","1,880","81"
"Nov 04, 2008","State/Presidential","9-2","2,432","1,925","79"
"Nov 04, 2008","State/Presidential","9-3","2,302","1,792","78"
"Nov 04, 2008","State/Presidential","10-1","2,569","1,978","77"
"Nov 04, 2008","State/Presidential","10-2","2,393","1,908","80"
"Nov 04, 2008","State/Presidential","10-3","1,720","1,288","75"
"Nov 04, 2008","State/Presidential","11-1","1,767","1,175","66"
"Nov 04, 2008","State/Presidential","11-2","2,335","1,822","78"
"Sep 16, 2008","State Primary","5-1","2,334","271","12"
"Sep 16, 2008","State Primary","1-1","1,929","253","13"
"Sep 16, 2008","State Primary","1-2","1,732","300","17"
"Sep 16, 2008","State Primary","1-3","1,736","303","17"
"Sep 16, 2008","State Primary","2-1","1,785","209","12"
"Sep 16, 2008","State Primary","2-2","670","3","0"
"Sep 16, 2008","State Primary","2-3","709","22","3"
"Sep 16, 2008","State Primary","3-1","1,612","179","11"
"Sep 16, 2008","State Primary","3-2","1,799","196","11"
"Sep 16, 2008","State Primary","3-3","1,617","126","8"
"Sep 16, 2008","State Primary","4-1","2,105","286","14"
"Sep 16, 2008","State Primary","4-2","2,302","246","11"
"Sep 16, 2008","State Primary","4-3","1,020","89","9"
"Sep 16, 2008","State Primary","5-2","2,085","302","14"
"Sep 16, 2008","State Primary","5-3","2,290","285","12"
"Sep 16, 2008","State Primary","6-1","2,149","258","12"
"Sep 16, 2008","State Primary","6-2","2,037","231","11"
"Sep 16, 2008","State Primary","6-3","2,249","287","13"
"Sep 16, 2008","State Primary","7-1","2,025","292","14"
"Sep 16, 2008","State Primary","7-2","1,269","82","6"
"Sep 16, 2008","State Primary","7-3","777","52","7"
"Sep 16, 2008","State Primary","8-1","1,619","179","11"
"Sep 16, 2008","State Primary","8-2","2,044","282","14"
"Sep 16, 2008","State Primary","8-3","785","37","5"
"Sep 16, 2008","State Primary","9-1","2,230","638","29"
"Sep 16, 2008","State Primary","9-2","2,350","604","26"
"Sep 16, 2008","State Primary","9-3","2,213","617","28"
"Sep 16, 2008","State Primary","10-1","2,409","353","15"
"Sep 16, 2008","State Primary","10-2","2,296","408","18"
"Sep 16, 2008","State Primary","10-3","1,596","238","15"
"Sep 16, 2008","State Primary","11-1","1,634","139","9"
"Sep 16, 2008","State Primary","11-2","2,257","348","15"
"Sep 16, 2008","State Primary","11-3","2,358","471","20"
"Feb 05, 2008","Presidential Primary","10-3","1,511","798","53"
"Feb 05, 2008","Presidential Primary","8-3","760","261","34"
"Feb 05, 2008","Presidential Primary","9-1","2,191","1,409","64"
"Feb 05, 2008","Presidential Primary","9-2","2,322","1,343","58"
"Feb 05, 2008","Presidential Primary","11-1","1,529","593","39"
"Feb 05, 2008","Presidential Primary","10-1","2,312","1,372","59"
"Feb 05, 2008","Presidential Primary","9-3","2,147","1,196","56"
"Feb 05, 2008","Presidential Primary","11-3","2,284","1,333","58"
"Feb 05, 2008","Presidential Primary","7-2","1,250","504","40"
"Feb 05, 2008","Presidential Primary","7-3","786","364","46"
"Feb 05, 2008","Presidential Primary","8-1","1,567","793","51"
"Feb 05, 2008","Presidential Primary","1-1","1,753","846","48"
"Feb 05, 2008","Presidential Primary","1-2","1,699","779","46"
"Feb 05, 2008","Presidential Primary","1-3","1,680","749","45"
"Feb 05, 2008","Presidential Primary","10-2","2,260","1,394","62"
"Feb 05, 2008","Presidential Primary","2-1","1,683","773","46"
"Feb 05, 2008","Presidential Primary","8-2","2,037","1,140","56"
"Feb 05, 2008","Presidential Primary","2-2","649","139","21"
"Feb 05, 2008","Presidential Primary","2-3","689","197","29"
"Feb 05, 2008","Presidential Primary","3-1","1,572","719","46"
"Feb 05, 2008","Presidential Primary","11-2","2,185","1,271","58"
"Feb 05, 2008","Presidential Primary","3-2","1,734","874","50"
"Feb 05, 2008","Presidential Primary","3-3","1,583","720","45"
"Feb 05, 2008","Presidential Primary","4-1","2,020","1,030","51"
"Feb 05, 2008","Presidential Primary","4-2","2,208","1,101","50"
"Feb 05, 2008","Presidential Primary","4-3","955","374","39"
"Feb 05, 2008","Presidential Primary","5-1","2,225","1,048","47"
"Feb 05, 2008","Presidential Primary","5-2","2,007","1,070","53"
"Feb 05, 2008","Presidential Primary","5-3","2,184","1,202","55"
"Feb 05, 2008","Presidential Primary","6-1","2,068","1,088","53"
"Feb 05, 2008","Presidential Primary","6-2","1,945","1,021","52"
"Feb 05, 2008","Presidential Primary","6-3","2,159","1,199","56"
"Feb 05, 2008","Presidential Primary","7-1","1,990","1,126","57"
"Nov 06, 2007","Municipal","8-1","1,488","240","16"
"Nov 06, 2007","Municipal","1-1","1,595","384","24"
"Nov 06, 2007","Municipal","1-2","1,643","495","30"
"Nov 06, 2007","Municipal","1-3","1,618","490","30"
"Nov 06, 2007","Municipal","2-1","1,605","376","23"
"Nov 06, 2007","Municipal","2-2","629","7","1"
"Nov 06, 2007","Municipal","2-3","673","25","4"
"Nov 06, 2007","Municipal","3-1","1,512","367","24"
"Nov 06, 2007","Municipal","3-2","1,644","345","21"
"Nov 06, 2007","Municipal","3-3","1,490","265","18"
"Nov 06, 2007","Municipal","4-1","1,946","502","26"
"Nov 06, 2007","Municipal","4-2","2,116","387","18"
"Nov 06, 2007","Municipal","4-3","920","133","14"
"Nov 06, 2007","Municipal","5-1","2,143","465","22"
"Nov 06, 2007","Municipal","5-2","1,934","576","30"
"Nov 06, 2007","Municipal","5-3","2,088","568","27"
"Nov 06, 2007","Municipal","6-1","2,014","469","23"
"Nov 06, 2007","Municipal","6-2","1,862","354","19"
"Nov 06, 2007","Municipal","6-3","2,058","457","22"
"Nov 06, 2007","Municipal","7-1","1,922","508","26"
"Nov 06, 2007","Municipal","7-2","1,205","149","12"
"Nov 06, 2007","Municipal","7-3","724","68","9"
"Nov 06, 2007","Municipal","8-2","1,954","416","21"
"Nov 06, 2007","Municipal","8-3","733","52","7"
"Nov 06, 2007","Municipal","9-1","2,128","716","34"
"Nov 06, 2007","Municipal","9-2","2,218","710","32"
"Nov 06, 2007","Municipal","9-3","2,092","676","32"
"Nov 06, 2007","Municipal","10-1","2,201","623","28"
"Nov 06, 2007","Municipal","10-2","2,205","679","31"
"Nov 06, 2007","Municipal","10-3","1,462","407","28"
"Nov 06, 2007","Municipal","11-1","1,449","235","16"
"Nov 06, 2007","Municipal","11-2","2,114","758","36"
"Nov 06, 2007","Municipal","11-3","2,186","819","37"
"Nov 07, 2006","State Election","10-3","1,565","922","59"
"Nov 07, 2006","State Election","11-1","1,507","677","45"
"Nov 07, 2006","State Election","11-2","2,200","1,363","62"
"Nov 07, 2006","State Election","11-3","2,296","1,483","65"
"Nov 07, 2006","State Election","1-3","1,665","889","53"
"Nov 07, 2006","State Election","1-1","1,613","859","53"
"Nov 07, 2006","State Election","2-1","1,725","875","51"
"Nov 07, 2006","State Election","2-2","772","136","18"
"Nov 07, 2006","State Election","2-3","823","215","26"
"Nov 07, 2006","State Election","3-1","1,605","850","53"
"Nov 07, 2006","State Election","3-2","1,741","910","52"
"Nov 07, 2006","State Election","3-3","1,608","711","44"
"Nov 07, 2006","State Election","4-1","2,063","1,139","55"
"Nov 07, 2006","State Election","4-2","2,291","1,237","54"
"Nov 07, 2006","State Election","4-3","1,056","394","37"
"Nov 07, 2006","State Election","5-1","2,240","1,187","53"
"Nov 07, 2006","State Election","1-2","1,734","922","53"
"Nov 07, 2006","State Election","5-2","2,021","1,224","61"
"Nov 07, 2006","State Election","5-3","2,189","1,300","59"
"Nov 07, 2006","State Election","6-1","2,101","1,234","59"
"Nov 07, 2006","State Election","6-2","2,019","1,092","54"
"Nov 07, 2006","State Election","6-3","2,218","1,257","57"
"Nov 07, 2006","State Election","7-1","2,003","1,187","59"
"Nov 07, 2006","State Election","7-2","1,330","559","42"
"Nov 07, 2006","State Election","7-3","825","350","42"
"Nov 07, 2006","State Election","8-1","1,650","802","49"
"Nov 07, 2006","State Election","8-2","2,087","1,263","61"
"Nov 07, 2006","State Election","8-3","838","257","31"
"Nov 07, 2006","State Election","9-1","2,216","1,488","67"
"Nov 07, 2006","State Election","9-2","2,323","1,500","65"
"Nov 07, 2006","State Election","9-3","2,164","1,360","63"
"Nov 07, 2006","State Election","10-1","2,331","1,436","62"
"Nov 07, 2006","State Election","10-2","2,325","1,542","66"
"Nov 08, 2005","Municipal","10-2","2,244","781","35"
"Nov 08, 2005","Municipal","9-3","2,085","796","38"
"Nov 08, 2005","Municipal","10-1","2,250","740","33"
"Nov 08, 2005","Municipal","9-1","2,181","790","36"
"Nov 08, 2005","Municipal","1-1","1,491","430","29"
"Nov 08, 2005","Municipal","1-2","1,643","590","36"
"Nov 08, 2005","Municipal","1-3","1,591","568","36"
"Nov 08, 2005","Municipal","2-1","1,660","473","28"
"Nov 08, 2005","Municipal","2-2","778","28","4"
"Nov 08, 2005","Municipal","2-3","834","57","7"
"Nov 08, 2005","Municipal","3-1","1,542","483","31"
"Nov 08, 2005","Municipal","3-2","1,631","427","26"
"Nov 08, 2005","Municipal","3-3","1,545","378","24"
"Nov 08, 2005","Municipal","4-1","1,967","585","30"
"Nov 08, 2005","Municipal","4-2","2,228","496","22"
"Nov 08, 2005","Municipal","4-3","1,026","174","17"
"Nov 08, 2005","Municipal","5-1","2,072","568","27"
"Nov 08, 2005","Municipal","5-2","1,905","625","33"
"Nov 08, 2005","Municipal","5-3","2,114","651","31"
"Nov 08, 2005","Municipal","6-1","1,968","550","28"
"Nov 08, 2005","Municipal","6-2","1,926","435","23"
"Nov 08, 2005","Municipal","6-3","2,114","562","27"
"Nov 08, 2005","Municipal","7-1","1,868","582","31"
"Nov 08, 2005","Municipal","7-2","1,273","196","15"
"Nov 08, 2005","Municipal","7-3","799","91","11"
"Nov 08, 2005","Municipal","8-1","1,572","297","19"
"Nov 08, 2005","Municipal","8-2","2,021","531","26"
"Nov 08, 2005","Municipal","8-3","806","89","11"
"Nov 08, 2005","Municipal","9-2","2,268","817","36"
"Nov 08, 2005","Municipal","10-3","1,487","454","31"
"Nov 08, 2005","Municipal","11-1","1,359","274","20"
"Nov 08, 2005","Municipal","11-2","2,110","792","38"
"Nov 08, 2005","Municipal","11-3","2,246","892","40"
"Nov 02, 2004","State/Presidential","1-1","1,605","1,088","68"
"Nov 02, 2004","State/Presidential","1-2","1,718","1,203","70"
"Nov 02, 2004","State/Presidential","1-3","1,705","1,159","68"
"Nov 02, 2004","State/Presidential","2-1","1,736","1,151","66"
"Nov 02, 2004","State/Presidential","2-2","996","427","43"
"Nov 02, 2004","State/Presidential","2-3","1,016","458","45"
"Nov 02, 2004","State/Presidential","3-1","1,651","1,130","68"
"Nov 02, 2004","State/Presidential","3-2","1,710","1,171","68"
"Nov 02, 2004","State/Presidential","3-3","1,683","1,035","61"
"Nov 02, 2004","State/Presidential","4-1","2,120","1,445","68"
"Nov 02, 2004","State/Presidential","4-2","2,465","1,671","68"
"Nov 02, 2004","State/Presidential","4-3","1,171","631","54"
"Nov 02, 2004","State/Presidential","5-1","2,253","1,505","67"
"Nov 02, 2004","State/Presidential","5-2","2,035","1,452","71"
"Nov 02, 2004","State/Presidential","5-3","2,283","1,658","73"
"Nov 02, 2004","State/Presidential","6-1","2,171","1,557","72"
"Nov 02, 2004","State/Presidential","6-2","2,189","1,437","66"
"Nov 02, 2004","State/Presidential","6-3","2,395","1,682","70"
"Nov 02, 2004","State/Presidential","7-1","2,095","1,465","70"
"Nov 02, 2004","State/Presidential","7-2","1,447","898","62"
"Nov 02, 2004","State/Presidential","7-3","938","566","60"
"Nov 02, 2004","State/Presidential","8-1","1,822","1,137","62"
"Nov 02, 2004","State/Presidential","8-2","2,198","1,634","74"
"Nov 02, 2004","State/Presidential","8-3","904","422","47"
"Nov 02, 2004","State/Presidential","9-1","2,337","1,846","79"
"Nov 02, 2004","State/Presidential","9-2","2,388","1,864","78"
"Nov 02, 2004","State/Presidential","9-3","2,222","1,677","75"
"Nov 02, 2004","State/Presidential","10-1","2,408","1,808","75"
"Nov 02, 2004","State/Presidential","10-2","2,388","1,851","78"
"Nov 02, 2004","State/Presidential","10-3","1,592","1,118","70"
"Nov 02, 2004","State/Presidential","11-1","1,381","892","65"
"Nov 02, 2004","State/Presidential","11-2","2,215","1,649","74"
"Nov 02, 2004","State/Presidential","11-3","2,372","1,756","74"
"Sep 14, 2004","State Primary","6-2","2,089","155","7"
"Sep 14, 2004","State Primary","1-1","1,583","447","28"
"Sep 14, 2004","State Primary","1-2","1,659","620","37"
"Sep 14, 2004","State Primary","1-3","1,654","625","38"
"Sep 14, 2004","State Primary","2-1","1,658","383","23"
"Sep 14, 2004","State Primary","2-2","936","9","1"
"Sep 14, 2004","State Primary","2-3","954","35","4"
"Sep 14, 2004","State Primary","3-1","1,609","543","34"
"Sep 14, 2004","State Primary","3-2","1,643","448","27"
"Sep 14, 2004","State Primary","3-3","1,588","193","12"
"Sep 14, 2004","State Primary","4-1","2,026","173","9"
"Sep 14, 2004","State Primary","4-2","2,308","169","7"
"Sep 14, 2004","State Primary","4-3","1,087","60","6"
"Sep 14, 2004","State Primary","5-1","2,168","325","15"
"Sep 14, 2004","State Primary","5-2","1,943","382","20"
"Sep 14, 2004","State Primary","5-3","2,189","335","15"
"Sep 14, 2004","State Primary","6-1","2,095","638","30"
"Sep 14, 2004","State Primary","6-3","2,300","211","9"
"Sep 14, 2004","State Primary","7-1","2,032","132","6"
"Sep 14, 2004","State Primary","7-2","1,297","52","4"
"Sep 14, 2004","State Primary","7-3","853","19","2"
"Sep 14, 2004","State Primary","8-1","1,752","86","5"
"Sep 14, 2004","State Primary","8-2","2,124","108","5"
"Sep 14, 2004","State Primary","8-3","836","28","3"
"Sep 14, 2004","State Primary","9-1","2,279","166","7"
"Sep 14, 2004","State Primary","9-2","2,332","181","8"
"Sep 14, 2004","State Primary","9-3","2,138","199","9"
"Sep 14, 2004","State Primary","10-1","2,333","218","9"
"Sep 14, 2004","State Primary","10-2","2,310","220","10"
"Sep 14, 2004","State Primary","10-3","1,540","122","8"
"Sep 14, 2004","State Primary","11-1","1,258","66","5"
"Sep 14, 2004","State Primary","11-2","2,137","183","9"
"Sep 14, 2004","State Primary","11-3","2,337","306","13"
"Mar 02, 2004","Presidential Primary","1-1","1,521","313","21"
"Mar 02, 2004","Presidential Primary","1-2","1,552","359","23"
"Mar 02, 2004","Presidential Primary","1-3","1,586","375","24"
"Mar 02, 2004","Presidential Primary","2-1","1,562","276","18"
"Mar 02, 2004","Presidential Primary","2-2","914","77","8"
"Mar 02, 2004","Presidential Primary","2-3","925","96","10"
"Mar 02, 2004","Presidential Primary","3-1","1,518","318","21"
"Mar 02, 2004","Presidential Primary","3-2","1,551","342","22"
"Mar 02, 2004","Presidential Primary","3-3","1,498","299","20"
"Mar 02, 2004","Presidential Primary","4-1","1,948","479","25"
"Mar 02, 2004","Presidential Primary","4-2","2,204","561","25"
"Mar 02, 2004","Presidential Primary","4-3","1,019","189","19"
"Mar 02, 2004","Presidential Primary","5-1","2,043","501","25"
"Mar 02, 2004","Presidential Primary","5-2","1,889","472","25"
"Mar 02, 2004","Presidential Primary","5-3","2,104","574","27"
"Mar 02, 2004","Presidential Primary","6-1","1,998","514","26"
"Mar 02, 2004","Presidential Primary","6-2","2,033","518","25"
"Mar 02, 2004","Presidential Primary","6-3","2,216","594","27"
"Mar 02, 2004","Presidential Primary","7-1","2,004","593","30"
"Mar 02, 2004","Presidential Primary","7-2","1,297","244","19"
"Mar 02, 2004","Presidential Primary","7-3","856","143","17"
"Mar 02, 2004","Presidential Primary","8-1","1,680","373","22"
"Mar 02, 2004","Presidential Primary","8-2","2,066","586","28"
"Mar 02, 2004","Presidential Primary","8-3","816","106","13"
"Mar 02, 2004","Presidential Primary","9-1","2,229","727","33"
"Mar 02, 2004","Presidential Primary","9-2","2,203","630","29"
"Mar 02, 2004","Presidential Primary","9-3","2,060","616","30"
"Mar 02, 2004","Presidential Primary","10-1","2,233","691","31"
"Mar 02, 2004","Presidential Primary","10-2","2,246","740","33"
"Mar 02, 2004","Presidential Primary","10-3","1,490","369","25"
"Mar 02, 2004","Presidential Primary","11-1","1,143","172","15"
"Mar 02, 2004","Presidential Primary","11-2","2,090","585","28"
"Mar 02, 2004","Presidential Primary","11-3","2,268","712","31"
"Nov 04, 2003","Municipal","1-1","1,487","560","38"
"Nov 04, 2003","Municipal","1-2","1,529","674","44"
"Nov 04, 2003","Municipal","1-3","1,594","694","44"
"Nov 04, 2003","Municipal","2-1","1,549","533","34"
"Nov 04, 2003","Municipal","2-2","898","156","17"
"Nov 04, 2003","Municipal","2-3","912","258","28"
"Nov 04, 2003","Municipal","3-1","1,499","619","41"
"Nov 04, 2003","Municipal","3-2","1,510","524","35"
"Nov 04, 2003","Municipal","3-3","1,457","474","33"
"Nov 04, 2003","Municipal","4-1","1,935","721","37"
"Nov 04, 2003","Municipal","4-2","2,136","700","33"
"Nov 04, 2003","Municipal","4-3","986","235","24"
"Nov 04, 2003","Municipal","5-1","1,986","736","37"
"Nov 04, 2003","Municipal","5-2","1,885","796","42"
"Nov 04, 2003","Municipal","5-3","2,047","866","42"
"Nov 04, 2003","Municipal","6-1","1,956","757","39"
"Nov 04, 2003","Municipal","6-2","1,983","674","34"
"Nov 04, 2003","Municipal","6-3","2,184","787","36"
"Nov 04, 2003","Municipal","7-1","1,990","719","36"
"Nov 04, 2003","Municipal","7-2","1,252","278","22"
"Nov 04, 2003","Municipal","7-3","837","167","20"
"Nov 04, 2003","Municipal","8-1","1,642","442","27"
"Nov 04, 2003","Municipal","8-2","2,030","759","37"
"Nov 04, 2003","Municipal","8-3","808","136","17"
"Nov 04, 2003","Municipal","9-1","2,216","1,038","47"
"Nov 04, 2003","Municipal","9-2","2,159","985","46"
"Nov 04, 2003","Municipal","9-3","2,044","957","47"
"Nov 04, 2003","Municipal","10-1","2,186","942","43"
"Nov 04, 2003","Municipal","10-2","2,225","990","44"
"Nov 04, 2003","Municipal","10-3","1,473","548","37"
"Nov 04, 2003","Municipal","11-1","1,095","277","25"
"Nov 04, 2003","Municipal","11-2","2,063","949","46"
"Nov 04, 2003","Municipal","11-3","2,232","1,007","45"
"Nov 05, 2002","State Election","1-1","1,574","835","53"
"Nov 05, 2002","State Election","1-2","1,653","946","57"
"Nov 05, 2002","State Election","1-3","1,660","917","55"
"Nov 05, 2002","State Election","2-1","1,599","752","47"
"Nov 05, 2002","State Election","2-2","806","173","21"
"Nov 05, 2002","State Election","2-3","859","243","28"
"Nov 05, 2002","State Election","3-1","1,564","877","56"
"Nov 05, 2002","State Election","3-2","1,572","867","55"
"Nov 05, 2002","State Election","3-3","1,470","672","46"
"Nov 05, 2002","State Election","4-1","2,035","1,111","55"
"Nov 05, 2002","State Election","4-2","2,296","1,150","50"
"Nov 05, 2002","State Election","4-3","1,168","428","37"
"Nov 05, 2002","State Election","5-1","2,088","1,096","52"
"Nov 05, 2002","State Election","5-2","1,978","1,091","55"
"Nov 05, 2002","State Election","5-3","2,078","1,248","60"
"Nov 05, 2002","State Election","6-1","2,103","1,251","59"
"Nov 05, 2002","State Election","6-2","2,157","1,110","51"
"Nov 05, 2002","State Election","6-3","2,321","1,289","56"
"Nov 05, 2002","State Election","7-1","2,082","1,202","58"
"Nov 05, 2002","State Election","7-2","1,337","637","48"
"Nov 05, 2002","State Election","7-3","858","385","45"
"Nov 05, 2002","State Election","8-1","1,785","872","49"
"Nov 05, 2002","State Election","8-2","2,170","1,343","62"
"Nov 05, 2002","State Election","8-3","902","274","30"
"Nov 05, 2002","State Election","9-1","2,329","1,582","68"
"Nov 05, 2002","State Election","9-2","2,242","1,509","67"
"Nov 05, 2002","State Election","9-3","2,206","1,387","63"
"Nov 05, 2002","State Election","10-1","2,391","1,431","60"
"Nov 05, 2002","State Election","10-2","2,367","1,558","66"
"Nov 05, 2002","State Election","10-3","1,572","863","55"
"Nov 05, 2002","State Election","11-1","1,083","487","45"
"Nov 05, 2002","State Election","11-2","2,202","1,377","63"
"Nov 05, 2002","State Election","11-3","2,331","1,482","64"
"Sep 17, 2002","State Primary","3-1","1,532","412","27"
"Sep 17, 2002","State Primary","1-1","1,536","448","29"
"Sep 17, 2002","State Primary","1-2","1,620","483","30"
"Sep 17, 2002","State Primary","1-3","1,630","505","31"
"Sep 17, 2002","State Primary","2-1","1,548","344","22"
"Sep 17, 2002","State Primary","2-2","780","36","5"
"Sep 17, 2002","State Primary","2-3","855","97","11"
"Sep 17, 2002","State Primary","3-2","1,547","481","31"
"Sep 17, 2002","State Primary","3-3","1,443","352","24"
"Sep 17, 2002","State Primary","4-1","2,006","575","29"
"Sep 17, 2002","State Primary","4-2","2,244","578","26"
"Sep 17, 2002","State Primary","4-3","1,133","198","17"
"Sep 17, 2002","State Primary","5-1","2,026","662","33"
"Sep 17, 2002","State Primary","5-2","1,955","725","37"
"Sep 17, 2002","State Primary","5-3","2,026","809","40"
"Sep 17, 2002","State Primary","6-1","2,069","747","36"
"Sep 17, 2002","State Primary","6-2","2,097","632","30"
"Sep 17, 2002","State Primary","6-3","2,261","760","34"
"Sep 17, 2002","State Primary","7-1","2,031","760","37"
"Sep 17, 2002","State Primary","7-2","1,271","304","24"
"Sep 17, 2002","State Primary","7-3","834","193","23"
"Sep 17, 2002","State Primary","8-1","1,752","473","27"
"Sep 17, 2002","State Primary","8-2","2,126","823","39"
"Sep 17, 2002","State Primary","8-3","875","129","15"
"Sep 17, 2002","State Primary","9-1","2,295","1,072","47"
"Sep 17, 2002","State Primary","9-2","2,208","881","40"
"Sep 17, 2002","State Primary","9-3","2,187","850","39"
"Sep 17, 2002","State Primary","10-1","2,353","854","36"
"Sep 17, 2002","State Primary","10-2","2,319","1,024","44"
"Sep 17, 2002","State Primary","10-3","1,536","448","29"
"Sep 17, 2002","State Primary","11-1","1,026","188","18"
"Sep 17, 2002","State Primary","11-2","2,147","781","36"
"Sep 17, 2002","State Primary","11-3","2,286","920","40"
"Nov 06, 2001","Municipal","1-1","1,588","478","30"
"Nov 06, 2001","Municipal","1-2","1,429","534","37"
"Nov 06, 2001","Municipal","1-3","1,319","511","39"
"Nov 06, 2001","Municipal","1-4","1,141","365","32"
"Nov 06, 2001","Municipal","2-1","1,524","422","28"
"Nov 06, 2001","Municipal","2-2","1,047","125","12"
"Nov 06, 2001","Municipal","2-3","1,041","81","8"
"Nov 06, 2001","Municipal","3-1","1,065","375","35"
"Nov 06, 2001","Municipal","3-2","1,198","359","30"
"Nov 06, 2001","Municipal","3-3","1,532","586","38"
"Nov 06, 2001","Municipal","3-4","1,159","342","30"
"Nov 06, 2001","Municipal","4-1","1,539","359","23"
"Nov 06, 2001","Municipal","4-2","1,628","424","26"
"Nov 06, 2001","Municipal","4-3","1,608","371","23"
"Nov 06, 2001","Municipal","4-4","1,748","546","31"
"Nov 06, 2001","Municipal","5-1","1,501","389","26"
"Nov 06, 2001","Municipal","5-2","1,603","614","38"
"Nov 06, 2001","Municipal","5-3","1,565","554","35"
"Nov 06, 2001","Municipal","5-4","1,329","467","35"
"Nov 06, 2001","Municipal","6-1","893","202","23"
"Nov 06, 2001","Municipal","6-2","1,236","296","24"
"Nov 06, 2001","Municipal","6-3","1,211","269","22"
"Nov 06, 2001","Municipal","6-4","1,370","412","30"
"Nov 06, 2001","Municipal","7-1","1,389","413","30"
"Nov 06, 2001","Municipal","7-2","1,292","287","22"
"Nov 06, 2001","Municipal","7-3","1,514","550","36"
"Nov 06, 2001","Municipal","7-4","854","203","24"
"Nov 06, 2001","Municipal","8-1","1,558","367","24"
"Nov 06, 2001","Municipal","8-2","226","18","8"
"Nov 06, 2001","Municipal","8-3","423","26","6"
"Nov 06, 2001","Municipal","8-4","1,278","364","28"
"Nov 06, 2001","Municipal","9-1","1,688","631","37"
"Nov 06, 2001","Municipal","9-2","1,442","635","44"
"Nov 06, 2001","Municipal","9-3","1,519","616","41"
"Nov 06, 2001","Municipal","9-4","1,202","521","43"
"Nov 06, 2001","Municipal","10-1","1,681","564","34"
"Nov 06, 2001","Municipal","10-2","1,444","460","32"
"Nov 06, 2001","Municipal","10-3","1,520","527","35"
"Nov 06, 2001","Municipal","10-4","1,476","570","39"
"Nov 06, 2001","Municipal","11-1","935","199","21"
"Nov 06, 2001","Municipal","11-2","2,052","855","42"
"Nov 06, 2001","Municipal","11-3","2,031","801","39"
"Nov 07, 2000","State/Presidential","1-1","1,631","1,042","64"
"Nov 07, 2000","State/Presidential","1-2","1,528","1,009","66"
"Nov 07, 2000","State/Presidential","1-3","1,410","899","64"
"Nov 07, 2000","State/Presidential","1-4","1,195","738","62"
"Nov 07, 2000","State/Presidential","2-1","1,579","976","62"
"Nov 07, 2000","State/Presidential","2-2","1,232","551","45"
"Nov 07, 2000","State/Presidential","2-3","1,317","683","52"
"Nov 07, 2000","State/Presidential","3-1","1,114","717","64"
"Nov 07, 2000","State/Presidential","3-2","1,307","845","65"
"Nov 07, 2000","State/Presidential","3-3","1,703","1,189","70"
"Nov 07, 2000","State/Presidential","3-4","1,286","803","62"
"Nov 07, 2000","State/Presidential","4-1","1,729","1,114","64"
"Nov 07, 2000","State/Presidential","4-2","1,829","1,106","60"
"Nov 07, 2000","State/Presidential","4-3","1,847","1,083","59"
"Nov 07, 2000","State/Presidential","4-4","1,923","1,202","63"
"Nov 07, 2000","State/Presidential","5-1","1,635","966","59"
"Nov 07, 2000","State/Presidential","5-2","1,758","1,202","68"
"Nov 07, 2000","State/Presidential","5-3","1,721","1,195","69"
"Nov 07, 2000","State/Presidential","5-4","1,438","930","65"
"Nov 07, 2000","State/Presidential","6-1","1,028","567","55"
"Nov 07, 2000","State/Presidential","6-2","1,484","755","51"
"Nov 07, 2000","State/Presidential","6-3","1,495","851","57"
"Nov 07, 2000","State/Presidential","6-4","1,491","985","66"
"Nov 07, 2000","State/Presidential","7-1","1,585","1,037","65"
"Nov 07, 2000","State/Presidential","7-2","1,599","904","57"
"Nov 07, 2000","State/Presidential","7-3","1,718","1,200","70"
"Nov 07, 2000","State/Presidential","7-4","1,053","557","53"
"Nov 07, 2000","State/Presidential","8-1","1,749","1,106","63"
"Nov 07, 2000","State/Presidential","8-2","227","115","51"
"Nov 07, 2000","State/Presidential","8-3","590","213","36"
"Nov 07, 2000","State/Presidential","8-4","1,444","947","66"
"Nov 07, 2000","State/Presidential","9-1","1,853","1,340","72"
"Nov 07, 2000","State/Presidential","9-2","1,560","1,180","76"
"Nov 07, 2000","State/Presidential","9-3","1,644","1,228","75"
"Nov 07, 2000","State/Presidential","9-4","1,302","883","68"
"Nov 07, 2000","State/Presidential","10-1","1,815","1,229","68"
"Nov 07, 2000","State/Presidential","10-2","1,564","1,026","66"
"Nov 07, 2000","State/Presidential","10-3","1,666","1,183","71"
"Nov 07, 2000","State/Presidential","10-4","1,561","1,104","71"
"Nov 07, 2000","State/Presidential","11-1","991","521","53"
"Nov 07, 2000","State/Presidential","11-2","2,247","1,608","72"
"Nov 07, 2000","State/Presidential","11-3","2,144","1,528","71"
"Sep 19, 2000","State Primary","1-1","1,507","172","11"
"Sep 19, 2000","State Primary","1-2","1,436","165","11"
"Sep 19, 2000","State Primary","1-3","1,346","215","16"
"Sep 19, 2000","State Primary","1-4","1,128","67","6"
"Sep 19, 2000","State Primary","2-1","1,483","127","9"
"Sep 19, 2000","State Primary","2-2","1,081","19","2"
"Sep 19, 2000","State Primary","2-3","1,143","21","2"
"Sep 19, 2000","State Primary","3-1","1,058","106","10"
"Sep 19, 2000","State Primary","3-2","1,203","75","6"
"Sep 19, 2000","State Primary","3-3","1,629","104","6"
"Sep 19, 2000","State Primary","3-4","1,202","70","6"
"Sep 19, 2000","State Primary","4-1","1,618","95","6"
"Sep 19, 2000","State Primary","4-2","1,727","71","4"
"Sep 19, 2000","State Primary","4-3","1,708","74","4"
"Sep 19, 2000","State Primary","4-4","1,799","122","7"
"Sep 19, 2000","State Primary","5-1","1,507","57","4"
"Sep 19, 2000","State Primary","5-2","1,663","167","10"
"Sep 19, 2000","State Primary","5-3","1,629","100","6"
"Sep 19, 2000","State Primary","5-4","1,326","85","6"
"Sep 19, 2000","State Primary","6-1","964","62","6"
"Sep 19, 2000","State Primary","6-2","1,370","89","6"
"Sep 19, 2000","State Primary","6-3","1,379","47","3"
"Sep 19, 2000","State Primary","6-4","1,432","108","8"
"Sep 19, 2000","State Primary","7-1","1,509","79","5"
"Sep 19, 2000","State Primary","7-2","1,435","41","3"
"Sep 19, 2000","State Primary","7-3","1,654","187","11"
"Sep 19, 2000","State Primary","7-4","970","66","7"
"Sep 19, 2000","State Primary","8-1","1,622","100","6"
"Sep 19, 2000","State Primary","8-2","179","5","3"
"Sep 19, 2000","State Primary","8-3","526","10","2"
"Sep 19, 2000","State Primary","8-4","1,349","110","8"
"Sep 19, 2000","State Primary","9-1","1,772","188","11"
"Sep 19, 2000","State Primary","9-2","1,516","183","12"
"Sep 19, 2000","State Primary","9-3","1,591","184","12"
"Sep 19, 2000","State Primary","9-4","1,250","144","12"
"Sep 19, 2000","State Primary","10-1","1,763","175","10"
"Sep 19, 2000","State Primary","10-2","1,483","134","9"
"Sep 19, 2000","State Primary","10-3","1,602","209","13"
"Sep 19, 2000","State Primary","10-4","1,484","142","10"
"Sep 19, 2000","State Primary","11-1","917","46","5"
"Sep 19, 2000","State Primary","11-2","2,154","251","12"
"Sep 19, 2000","State Primary","11-3","2,082","318","15"
"Mar 07, 2000","Presidential Primary","1-1","1,491","450","30"
"Mar 07, 2000","Presidential Primary","1-2","1,419","407","29"
"Mar 07, 2000","Presidential Primary","1-3","1,335","366","27"
"Mar 07, 2000","Presidential Primary","1-4","1,134","257","23"
"Mar 07, 2000","Presidential Primary","2-1","1,419","274","19"
"Mar 07, 2000","Presidential Primary","2-2","1,068","151","14"
"Mar 07, 2000","Presidential Primary","2-3","1,165","215","18"
"Mar 07, 2000","Presidential Primary","3-1","1,049","242","23"
"Mar 07, 2000","Presidential Primary","3-2","1,182","312","26"
"Mar 07, 2000","Presidential Primary","3-3","1,653","542","33"
"Mar 07, 2000","Presidential Primary","3-4","1,211","310","26"
"Mar 07, 2000","Presidential Primary","4-1","1,641","447","27"
"Mar 07, 2000","Presidential Primary","4-2","1,767","462","26"
"Mar 07, 2000","Presidential Primary","4-3","1,749","400","23"
"Mar 07, 2000","Presidential Primary","4-4","1,810","451","25"
"Mar 07, 2000","Presidential Primary","5-1","1,488","313","21"
"Mar 07, 2000","Presidential Primary","5-2","1,697","494","29"
"Mar 07, 2000","Presidential Primary","5-3","1,650","467","28"
"Mar 07, 2000","Presidential Primary","5-4","1,357","324","24"
"Mar 07, 2000","Presidential Primary","6-1","992","192","19"
"Mar 07, 2000","Presidential Primary","6-2","1,417","305","22"
"Mar 07, 2000","Presidential Primary","6-3","1,439","392","27"
"Mar 07, 2000","Presidential Primary","6-4","1,424","418","29"
"Mar 07, 2000","Presidential Primary","7-1","1,545","471","30"
"Mar 07, 2000","Presidential Primary","7-2","1,495","325","22"
"Mar 07, 2000","Presidential Primary","7-3","1,683","593","35"
"Mar 07, 2000","Presidential Primary","7-4","984","235","24"
"Mar 07, 2000","Presidential Primary","8-1","1,672","482","29"
"Mar 07, 2000","Presidential Primary","8-2","185","46","25"
"Mar 07, 2000","Presidential Primary","8-3","634","90","14"
"Mar 07, 2000","Presidential Primary","8-4","1,387","416","30"
"Mar 07, 2000","Presidential Primary","9-1","1,805","680","38"
"Mar 07, 2000","Presidential Primary","9-2","1,535","596","39"
"Mar 07, 2000","Presidential Primary","9-3","1,622","585","36"
"Mar 07, 2000","Presidential Primary","9-4","1,277","410","32"
"Mar 07, 2000","Presidential Primary","10-1","1,780","604","34"
"Mar 07, 2000","Presidential Primary","10-2","1,492","427","29"
"Mar 07, 2000","Presidential Primary","10-3","1,647","578","35"
"Mar 07, 2000","Presidential Primary","10-4","1,524","454","30"
"Mar 07, 2000","Presidential Primary","11-1","914","142","16"
"Mar 07, 2000","Presidential Primary","11-2","2,195","667","30"
"Mar 07, 2000","Presidential Primary","11-3","2,108","714","34"
"Nov 02, 1999","Municipal","1-1","1,424","497","35"
"Nov 02, 1999","Municipal","1-2","1,395","565","41"
"Nov 02, 1999","Municipal","1-3","1,309","579","44"
"Nov 02, 1999","Municipal","1-4","1,071","432","40"
"Nov 02, 1999","Municipal","2-1","1,371","423","31"
"Nov 02, 1999","Municipal","2-2","1,012","168","17"
"Nov 02, 1999","Municipal","2-3","1,110","247","22"
"Nov 02, 1999","Municipal","3-1","1,013","398","39"
"Nov 02, 1999","Municipal","3-2","1,124","369","33"
"Nov 02, 1999","Municipal","3-3","1,615","563","35"
"Nov 02, 1999","Municipal","10-4","1,511","611","40"
"Nov 02, 1999","Municipal","11-3","2,072","919","44"
"Nov 02, 1999","Municipal","11-2","2,168","908","42"
"Nov 02, 1999","Municipal","3-4","1,196","382","32"
"Nov 02, 1999","Municipal","4-1","1,606","413","26"
"Nov 02, 1999","Municipal","4-2","1,724","419","24"
"Nov 02, 1999","Municipal","4-3","1,701","404","24"
"Nov 02, 1999","Municipal","4-4","1,793","556","31"
"Nov 02, 1999","Municipal","5-1","1,477","390","26"
"Nov 02, 1999","Municipal","5-2","1,652","669","40"
"Nov 02, 1999","Municipal","5-3","1,622","639","39"
"Nov 02, 1999","Municipal","5-4","1,330","458","34"
"Nov 02, 1999","Municipal","6-1","977","212","22"
"Nov 02, 1999","Municipal","6-2","1,388","292","21"
"Nov 02, 1999","Municipal","6-3","1,404","310","22"
"Nov 02, 1999","Municipal","6-4","1,382","418","30"
"Nov 02, 1999","Municipal","7-1","1,516","446","29"
"Nov 02, 1999","Municipal","7-2","1,444","286","20"
"Nov 02, 1999","Municipal","7-3","1,655","571","35"
"Nov 02, 1999","Municipal","7-4","973","195","20"
"Nov 02, 1999","Municipal","8-1","1,606","386","24"
"Nov 02, 1999","Municipal","8-2","166","18","11"
"Nov 02, 1999","Municipal","8-3","629","37","6"
"Nov 02, 1999","Municipal","8-4","1,359","366","27"
"Nov 02, 1999","Municipal","11-1","902","237","26"
"Nov 02, 1999","Municipal","9-1","1,782","642","36"
"Nov 02, 1999","Municipal","9-2","1,527","687","45"
"Nov 02, 1999","Municipal","9-3","1,602","703","44"
"Nov 02, 1999","Municipal","9-4","1,244","595","48"
"Nov 02, 1999","Municipal","10-1","1,737","663","38"
"Nov 02, 1999","Municipal","10-2","1,456","447","31"
"Nov 02, 1999","Municipal","10-3","1,621","641","40"
